{"cameraMode":{"drawMode":0,"name":"Shaded","section":"Shading Mode"},"sceneLighting":false,"audioPlay":false,"sceneViewState":{"showFog":true,"showMaterialUpdate":false,"showSkybox":false,"showFlares":true,"showImageEffects":true,"showParticleSystems":true},"in2DMode":false,"pivot":{"x":0.0009274482727050781,"y":0.5228061079978943,"z":-0.003205806016921997},"rotation":{"x":0.14584976434707642,"y":-0.8056880235671997,"z":0.5294724702835083,"w":0.2219371646642685},"size":0.7305359840393066,"orthographic":false}