{"cameraMode":{"drawMode":0,"name":"Shaded","section":"Shading Mode"},"sceneLighting":true,"audioPlay":false,"sceneViewState":{"showFog":true,"showMaterialUpdate":false,"showSkybox":true,"showFlares":true,"showImageEffects":true,"showParticleSystems":true},"in2DMode":false,"pivot":{"x":-3.325835704803467,"y":3.2789947986602785,"z":-5.004066467285156},"rotation":{"x":-0.03156274929642677,"y":-0.18189430236816407,"z":-0.005836671683937311,"w":0.9828243255615234},"size":6.113228797912598,"orthographic":false}