{"cameraMode":{"drawMode":0,"name":"Shaded","section":"Shading Mode"},"sceneLighting":false,"audioPlay":false,"sceneViewState":{"showFog":true,"showMaterialUpdate":false,"showSkybox":true,"showFlares":true,"showImageEffects":true,"showParticleSystems":true},"in2DMode":false,"pivot":{"x":-18.982412338256837,"y":2.366964340209961,"z":8.587682723999024},"rotation":{"x":0.0005585803301073611,"y":-0.36071497201919558,"z":0.00022069059195928276,"w":0.932717502117157},"size":2.090362310409546,"orthographic":false}