{"cameraMode":{"drawMode":0,"name":"Shaded","section":"Shading Mode"},"sceneLighting":false,"audioPlay":false,"sceneViewState":{"showFog":true,"showMaterialUpdate":false,"showSkybox":false,"showFlares":true,"showImageEffects":true,"showParticleSystems":true},"in2DMode":false,"pivot":{"x":0.0,"y":0.8652737736701965,"z":-0.06183328479528427},"rotation":{"x":-0.38042375445365908,"y":0.3912106454372406,"z":-0.18193817138671876,"w":-0.8180042505264282},"size":1.439710021018982,"orthographic":false}