{"cameraMode":{"drawMode":0,"name":"Shaded","section":"Shading Mode"},"sceneLighting":false,"audioPlay":false,"sceneViewState":{"showFog":true,"showMaterialUpdate":false,"showSkybox":false,"showFlares":true,"showImageEffects":true,"showParticleSystems":true},"in2DMode":false,"pivot":{"x":-0.13359233736991883,"y":0.8863807916641235,"z":0.3619098663330078},"rotation":{"x":0.1795780509710312,"y":0.09956175088882446,"z":-0.018271660432219507,"w":0.9785228371620178},"size":1.6762380599975587,"orthographic":false}