{"cameraMode":{"drawMode":0,"name":"Shaded","section":"Shading Mode"},"sceneLighting":false,"audioPlay":false,"sceneViewState":{"showFog":true,"showMaterialUpdate":false,"showSkybox":false,"showFlares":true,"showImageEffects":true,"showParticleSystems":true},"in2DMode":false,"pivot":{"x":-0.013828277587890625,"y":1.7211155891418458,"z":-0.057099342346191409},"rotation":{"x":-0.38042375445365908,"y":0.3912106454372406,"z":-0.18193817138671876,"w":-0.8180042505264282},"size":2.8208839893341066,"orthographic":false}