{"cameraMode":{"drawMode":0,"name":"Shaded","section":"Shading Mode"},"sceneLighting":false,"audioPlay":false,"sceneViewState":{"showFog":true,"showMaterialUpdate":false,"showSkybox":false,"showFlares":true,"showImageEffects":true,"showParticleSystems":true},"in2DMode":false,"pivot":{"x":0.0,"y":0.8473638296127319,"z":-0.06854740530252457},"rotation":{"x":0.17510317265987397,"y":0.1034606546163559,"z":-0.018506741151213647,"w":0.9789313077926636},"size":1.4254578351974488,"orthographic":false}